split,physical_perturbation_profile,seed_block,material,peak_sum_hematite,peak_sum_magnetite,peak_sum_ilmenite,peak_sum_goethite,peak_sum_siderite,peak_sum_rutile,diffraction_window_hematite_unique_sum,diffraction_window_magnetite_unique_sum,diffraction_window_all_peaks_sum,hematite_minus_ilmenite_peak_sum,magnetite_minus_ilmenite_peak_sum
stress_holdout,calibration_shift_stress_neg,ho_hn_001,Goethite,0.29137499999999994,0.300125,0.28112499999999996,0.5807500000000001,0.22950000000000004,0.218375,0.0,0.0,0.62975,0.010249999999999981,0.019000000000000017
stress_holdout,calibration_shift_stress_neg,ho_hn_001,Hematite,0.444125,0.298875,0.43812499999999993,0.48425000000000007,0.338125,0.26775,0.0,0.00325,0.6395,0.006000000000000061,-0.13924999999999993
stress_holdout,calibration_shift_stress_neg,ho_hn_001,Ilmenite,0.38112499999999994,0.258625,0.42687499999999995,0.42575,0.37937499999999996,0.21887500000000004,0.0,0.00025,0.645875,-0.04575000000000001,-0.16824999999999996
stress_holdout,calibration_shift_stress_neg,ho_hn_001,Magnetite,0.37175,0.459125,0.34387499999999993,0.49450000000000005,0.21600000000000003,0.34225,0.0,0.013625,0.626,0.027875000000000094,0.11525000000000007
stress_holdout,calibration_shift_stress_neg,ho_hn_001,Rutile,0.26949999999999996,0.27725,0.26974999999999993,0.367625,0.31425000000000003,0.43674999999999997,0.0,0.00025,0.6363749999999999,-0.00024999999999997247,0.007500000000000062
stress_holdout,calibration_shift_stress_neg,ho_hn_001,Siderite,0.29562499999999997,0.21125,0.335125,0.3365,0.46375,0.19987500000000002,0.0,0.000125,0.649375,-0.039500000000000035,-0.12387500000000001
stress_holdout,calibration_shift_stress_neg,ho_hn_002,Goethite,0.295375,0.305875,0.29075,0.5740000000000001,0.23462500000000003,0.21425000000000002,0.0,0.0,0.645375,0.00462499999999999,0.015125
stress_holdout,calibration_shift_stress_neg,ho_hn_002,Hematite,0.455375,0.306375,0.45524999999999993,0.5046250000000001,0.351625,0.26812499999999995,0.0,0.00275,0.653875,0.00012500000000004174,-0.14887499999999992
stress_holdout,calibration_shift_stress_neg,ho_hn_002,Ilmenite,0.392875,0.268875,0.447625,0.44637499999999997,0.383375,0.22975,0.0,0.00025,0.65825,-0.05475000000000002,-0.17875000000000002
stress_holdout,calibration_shift_stress_neg,ho_hn_002,Magnetite,0.39587500000000003,0.47174999999999995,0.373,0.500875,0.215375,0.360625,0.0,0.0135,0.6435,0.022875000000000034,0.09874999999999995
stress_holdout,calibration_shift_stress_neg,ho_hn_002,Rutile,0.28700000000000003,0.297125,0.2839999999999999,0.396,0.31937499999999996,0.4585,0.0,0.00075,0.6525,0.0030000000000001137,0.013125000000000053
stress_holdout,calibration_shift_stress_neg,ho_hn_002,Siderite,0.292875,0.21000000000000002,0.3534999999999999,0.336625,0.48549999999999993,0.20275000000000004,0.0,0.00025,0.661875,-0.06062499999999993,-0.1434999999999999
stress_holdout,combined_stress_high,ho_hn_001,Goethite,0.19437500000000005,0.19212500000000005,0.202625,0.32425,0.19524999999999998,0.177875,0.0,0.00025,0.5018750000000001,-0.008249999999999952,-0.010499999999999954
stress_holdout,combined_stress_high,ho_hn_001,Hematite,0.26062499999999994,0.22137500000000002,0.24612499999999998,0.317875,0.24949999999999994,0.23374999999999999,0.0,0.005,0.52825,0.014499999999999957,-0.024749999999999966
stress_holdout,combined_stress_high,ho_hn_001,Ilmenite,0.2589999999999999,0.216625,0.256625,0.31475,0.2587499999999999,0.22949999999999998,0.0,0.004875,0.5297499999999999,0.002374999999999905,-0.03999999999999998
stress_holdout,combined_stress_high,ho_hn_001,Magnetite,0.238875,0.24824999999999997,0.228625,0.318,0.20799999999999996,0.248875,0.0,0.00775,0.512375,0.010250000000000009,0.019624999999999976
stress_holdout,combined_stress_high,ho_hn_001,Rutile,0.220625,0.19862500000000005,0.212125,0.273875,0.21987500000000001,0.242625,0.0,0.0052499999999999995,0.524875,0.00849999999999998,-0.013499999999999956
stress_holdout,combined_stress_high,ho_hn_001,Siderite,0.236625,0.18825,0.24887499999999999,0.29275,0.24825,0.20937500000000003,0.0,0.00275,0.5325,-0.012249999999999983,-0.060624999999999984
stress_holdout,combined_stress_high,ho_hn_002,Goethite,0.21175,0.200625,0.21100000000000002,0.32125000000000004,0.20074999999999998,0.187125,0.0,0.00025,0.506625,0.0007499999999999729,-0.010375000000000023
stress_holdout,combined_stress_high,ho_hn_002,Hematite,0.24562499999999998,0.22449999999999998,0.24487499999999998,0.312875,0.25087499999999996,0.23274999999999998,0.0,0.00375,0.5293749999999999,0.0007500000000000007,-0.020375000000000004
stress_holdout,combined_stress_high,ho_hn_002,Ilmenite,0.247,0.22599999999999998,0.247875,0.31174999999999997,0.24862499999999998,0.22599999999999998,0.0,0.001875,0.5318750000000001,-0.0008750000000000147,-0.021875000000000033
stress_holdout,combined_stress_high,ho_hn_002,Magnetite,0.25475,0.24162499999999998,0.245375,0.30362500000000003,0.22212499999999996,0.241875,0.0,0.0085,0.514,0.009374999999999967,-0.003750000000000031
stress_holdout,combined_stress_high,ho_hn_002,Rutile,0.236875,0.19324999999999998,0.23362499999999997,0.283375,0.238875,0.24774999999999997,0.0,0.005875,0.5282500000000001,0.0032500000000000306,-0.040374999999999994
stress_holdout,combined_stress_high,ho_hn_002,Siderite,0.22125000000000003,0.19637499999999997,0.23,0.283625,0.25825,0.208375,0.0,0.0026249999999999997,0.534125,-0.00874999999999998,-0.033625000000000044
stress_holdout,hard_negative_stress_alt,ho_hn_001,Goethite,0.19075000000000003,0.185625,0.199,0.3025,0.19387500000000002,0.18125000000000002,0.0,0.0005,0.48375,-0.00824999999999998,-0.013374999999999998
stress_holdout,hard_negative_stress_alt,ho_hn_001,Hematite,0.23174999999999998,0.209125,0.2355,0.292875,0.22225,0.21462499999999998,0.0,0.004375,0.499625,-0.0037500000000000033,-0.026374999999999982
stress_holdout,hard_negative_stress_alt,ho_hn_001,Ilmenite,0.2365,0.199125,0.23325,0.2875,0.225125,0.223875,0.0,0.003375,0.502,0.003249999999999975,-0.034125000000000016
stress_holdout,hard_negative_stress_alt,ho_hn_001,Magnetite,0.222875,0.22925,0.22599999999999998,0.283625,0.20987499999999998,0.22899999999999998,0.0,0.008375,0.48450000000000004,-0.003124999999999989,0.0032500000000000306
stress_holdout,hard_negative_stress_alt,ho_hn_001,Rutile,0.21962500000000001,0.181125,0.21687499999999998,0.26,0.22662499999999997,0.21650000000000003,0.0,0.0075,0.495,0.00275000000000003,-0.035749999999999976
stress_holdout,hard_negative_stress_alt,ho_hn_001,Siderite,0.21525,0.192,0.21775,0.27525,0.23425,0.21050000000000002,0.0,0.001875,0.506625,-0.0025000000000000022,-0.025749999999999995
stress_holdout,hard_negative_stress_alt,ho_hn_002,Goethite,0.19225000000000003,0.19937500000000002,0.19537500000000002,0.31575,0.20325000000000001,0.18412500000000004,0.0,0.000375,0.493375,-0.003124999999999989,0.0040000000000000036
stress_holdout,hard_negative_stress_alt,ho_hn_002,Hematite,0.23424999999999996,0.21187499999999998,0.2385,0.287875,0.239,0.23149999999999998,0.0,0.004125,0.505625,-0.0042500000000000315,-0.02662500000000001
stress_holdout,hard_negative_stress_alt,ho_hn_002,Ilmenite,0.228125,0.20750000000000002,0.22749999999999998,0.295875,0.22749999999999998,0.219,0.0,0.003375,0.508625,0.0006250000000000144,-0.019999999999999962
stress_holdout,hard_negative_stress_alt,ho_hn_002,Magnetite,0.23925000000000002,0.221375,0.233875,0.28900000000000003,0.199125,0.244875,0.0,0.005875,0.489375,0.005375000000000019,-0.012500000000000011
stress_holdout,hard_negative_stress_alt,ho_hn_002,Rutile,0.23175,0.19425,0.22375,0.260625,0.22849999999999998,0.23825000000000002,0.0,0.0052499999999999995,0.5053749999999999,0.008000000000000007,-0.0295
stress_holdout,hard_negative_stress_alt,ho_hn_002,Siderite,0.215625,0.190625,0.21600000000000003,0.29012499999999997,0.233875,0.20787500000000003,0.0,0.004,0.5135000000000001,-0.0003750000000000142,-0.025375000000000036
stress_holdout,nominal,ho_hn_001,Goethite,0.293375,0.3235,0.281875,0.6635000000000001,0.24525000000000002,0.238875,0.0,0.0,0.6757500000000001,0.01150000000000001,0.04162500000000002
stress_holdout,nominal,ho_hn_001,Hematite,0.535375,0.33024999999999993,0.48250000000000004,0.5605,0.33812500000000006,0.31262500000000004,0.0,0.0024999999999999996,0.68125,0.052875000000000005,-0.1522500000000001
stress_holdout,nominal,ho_hn_001,Ilmenite,0.46862499999999996,0.29325,0.514,0.48212499999999997,0.4076250000000001,0.27425,0.0,0.000625,0.68675,-0.045375000000000054,-0.22075
stress_holdout,nominal,ho_hn_001,Magnetite,0.41725,0.562375,0.38149999999999995,0.54525,0.193,0.41224999999999995,0.0,0.016625,0.6628750000000001,0.03575000000000006,0.180875
stress_holdout,nominal,ho_hn_001,Rutile,0.28874999999999995,0.313125,0.299125,0.41675,0.26687500000000003,0.546875,0.0,0.00075,0.675125,-0.010375000000000023,0.014000000000000012
stress_holdout,nominal,ho_hn_001,Siderite,0.32087499999999997,0.21537499999999998,0.37949999999999995,0.34824999999999995,0.57325,0.21375,0.0,0.000375,0.6896249999999999,-0.05862499999999998,-0.16412499999999997
stress_holdout,nominal,ho_hn_002,Goethite,0.2885,0.319625,0.279375,0.6556250000000001,0.24875000000000003,0.23087500000000002,0.0,0.0,0.66625,0.009124999999999994,0.04025000000000001
stress_holdout,nominal,ho_hn_002,Hematite,0.52475,0.32862500000000006,0.48312499999999997,0.5522499999999999,0.337125,0.31125,0.0,0.005124999999999999,0.675875,0.04162500000000008,-0.15449999999999992
stress_holdout,nominal,ho_hn_002,Ilmenite,0.46749999999999997,0.284625,0.50425,0.48424999999999996,0.40787500000000004,0.27675000000000005,0.0,0.000125,0.680375,-0.036750000000000005,-0.21962499999999996
stress_holdout,nominal,ho_hn_002,Magnetite,0.411875,0.5505,0.37525,0.531625,0.19225000000000003,0.40787500000000004,0.0,0.01975,0.65725,0.03662500000000002,0.17525000000000002
stress_holdout,nominal,ho_hn_002,Rutile,0.2825,0.30199999999999994,0.283875,0.40375000000000005,0.261,0.53925,0.0,0.000125,0.67325,-0.001375000000000015,0.018124999999999947
stress_holdout,nominal,ho_hn_002,Siderite,0.32399999999999995,0.209875,0.37775000000000003,0.348375,0.5672499999999999,0.21762499999999996,0.0,0.00025,0.686125,-0.053750000000000075,-0.16787500000000002
stress_holdout,resolution_blur_stress_high,ho_hn_001,Goethite,0.240625,0.23087499999999997,0.23125,0.364375,0.22212500000000002,0.21975,0.0,0.00075,0.552125,0.009374999999999994,-0.00037500000000004197
stress_holdout,resolution_blur_stress_high,ho_hn_001,Hematite,0.26712499999999995,0.230625,0.27449999999999997,0.31575,0.2676249999999999,0.27375000000000005,0.0,0.00425,0.561625,-0.00737500000000002,-0.04387499999999997
stress_holdout,resolution_blur_stress_high,ho_hn_001,Ilmenite,0.26237499999999997,0.22899999999999998,0.26874999999999993,0.326125,0.26437499999999997,0.25287499999999996,0.0,0.006125,0.565875,-0.006374999999999964,-0.03974999999999995
stress_holdout,resolution_blur_stress_high,ho_hn_001,Magnetite,0.25887499999999997,0.25975,0.25875000000000004,0.32337499999999997,0.23387500000000006,0.27874999999999994,0.0,0.007625,0.54425,0.00012499999999993072,0.0009999999999999454
stress_holdout,resolution_blur_stress_high,ho_hn_001,Rutile,0.23974999999999996,0.21300000000000002,0.230125,0.279625,0.25,0.26212499999999994,0.0,0.010875,0.560625,0.009624999999999967,-0.017124999999999974
stress_holdout,resolution_blur_stress_high,ho_hn_001,Siderite,0.246375,0.21962500000000001,0.24924999999999997,0.310125,0.27124999999999994,0.24025000000000002,0.0,0.005124999999999999,0.5735,-0.002874999999999961,-0.029624999999999957
stress_holdout,resolution_blur_stress_high,ho_hn_002,Goethite,0.24100000000000002,0.221625,0.23150000000000004,0.355375,0.21012500000000006,0.21025,0.0,0.00075,0.5385,0.00949999999999998,-0.00987500000000005
stress_holdout,resolution_blur_stress_high,ho_hn_002,Hematite,0.26412499999999994,0.254625,0.2649999999999999,0.34625000000000006,0.24324999999999997,0.269625,0.0,0.00325,0.556875,-0.0008749999999999591,-0.010374999999999912
stress_holdout,resolution_blur_stress_high,ho_hn_002,Ilmenite,0.26525,0.25649999999999995,0.27412499999999995,0.3470000000000001,0.24612499999999998,0.24849999999999994,0.0,0.002375,0.561125,-0.008874999999999966,-0.017625000000000002
stress_holdout,resolution_blur_stress_high,ho_hn_002,Magnetite,0.26325,0.25225,0.25775000000000003,0.33725,0.23712500000000003,0.26725,0.0,0.005375,0.5386249999999999,0.005499999999999949,-0.00550000000000006
stress_holdout,resolution_blur_stress_high,ho_hn_002,Rutile,0.25375,0.22225,0.24512500000000004,0.2835,0.261,0.26125,0.0,0.007875,0.554875,0.008624999999999938,-0.022875000000000034
stress_holdout,resolution_blur_stress_high,ho_hn_002,Siderite,0.25312500000000004,0.22275,0.24937499999999996,0.315,0.25387499999999996,0.239375,0.0,0.003125,0.56675,0.0037500000000000866,-0.026624999999999954
stress_holdout,source_energy_scale_stress_low,ho_hn_001,Goethite,0.27975000000000005,0.29325,0.28462499999999996,0.539125,0.24125000000000002,0.22475,0.0,0.0,0.63325,-0.004874999999999907,0.00862500000000005
stress_holdout,source_energy_scale_stress_low,ho_hn_001,Hematite,0.43625,0.32799999999999996,0.4111249999999999,0.50275,0.29837499999999995,0.297,0.0,0.005875,0.638375,0.02512500000000012,-0.08312499999999995
stress_holdout,source_energy_scale_stress_low,ho_hn_001,Ilmenite,0.4155,0.2909999999999999,0.42475,0.4623750000000001,0.3355,0.26699999999999996,0.0,0.001375,0.643875,-0.009250000000000036,-0.1337500000000001
stress_holdout,source_energy_scale_stress_low,ho_hn_001,Magnetite,0.36350000000000005,0.44499999999999995,0.32362499999999994,0.503625,0.20475000000000002,0.34487499999999993,0.0,0.0165,0.6176250000000001,0.039875000000000105,0.12137500000000001
stress_holdout,source_energy_scale_stress_low,ho_hn_001,Rutile,0.256625,0.2806249999999999,0.252625,0.344,0.2535,0.435,0.0,0.002125,0.6345000000000001,0.0040000000000000036,0.027999999999999914
stress_holdout,source_energy_scale_stress_low,ho_hn_001,Siderite,0.3017499999999999,0.21487500000000004,0.33212499999999995,0.34687499999999993,0.428125,0.23275,0.0,0.000375,0.64775,-0.03037500000000004,-0.11724999999999991
stress_holdout,source_energy_scale_stress_low,ho_hn_002,Goethite,0.27712499999999995,0.29825,0.27237500000000003,0.5426249999999999,0.23325,0.217125,0.0,0.0,0.629375,0.004749999999999921,0.02587499999999998
stress_holdout,source_energy_scale_stress_low,ho_hn_002,Hematite,0.43362500000000004,0.299125,0.41225,0.501,0.312875,0.27174999999999994,0.0,0.004125,0.633875,0.021375000000000033,-0.11312500000000003
stress_holdout,source_energy_scale_stress_low,ho_hn_002,Ilmenite,0.397375,0.26574999999999993,0.4115,0.4575,0.34687500000000004,0.24450000000000002,0.0,0.001375,0.638625,-0.014124999999999999,-0.14575000000000005
stress_holdout,source_energy_scale_stress_low,ho_hn_002,Magnetite,0.35625,0.442,0.31637499999999996,0.511125,0.19725000000000004,0.33524999999999994,0.0,0.01625,0.616,0.03987500000000005,0.12562500000000004
stress_holdout,source_energy_scale_stress_low,ho_hn_002,Rutile,0.257375,0.26825,0.254125,0.35262499999999997,0.27175000000000005,0.42662500000000003,0.0,0.00275,0.631625,0.0032500000000000306,0.014124999999999999
stress_holdout,source_energy_scale_stress_low,ho_hn_002,Siderite,0.3018749999999999,0.20375000000000004,0.33362499999999995,0.32762499999999994,0.42900000000000005,0.223375,0.0,0.0005,0.643625,-0.031750000000000056,-0.1298749999999999
train,calibration_shift_train_neg,tr_hn_001,Goethite,0.28112499999999996,0.2935,0.27949999999999997,0.5842499999999999,0.23775000000000002,0.208125,0.0,0.0,0.651125,0.0016249999999999876,0.014000000000000012
train,calibration_shift_train_neg,tr_hn_001,Hematite,0.47237499999999993,0.31675,0.4635,0.5225,0.332125,0.283,0.0,0.00375,0.6583749999999999,0.00887499999999991,-0.14675000000000005
train,calibration_shift_train_neg,tr_hn_001,Ilmenite,0.4068750000000001,0.26925,0.46075,0.45525000000000004,0.38675000000000004,0.24275000000000002,0.0,0.000125,0.66325,-0.053874999999999895,-0.1915
train,calibration_shift_train_neg,tr_hn_001,Magnetite,0.3843749999999999,0.4956250000000001,0.370375,0.52125,0.20750000000000002,0.36599999999999994,0.0,0.015,0.642625,0.013999999999999901,0.12525000000000008
train,calibration_shift_train_neg,tr_hn_001,Rutile,0.260625,0.2898749999999999,0.2633749999999999,0.397,0.290875,0.48312499999999997,0.0,0.001,0.655375,-0.002749999999999919,0.026499999999999968
train,calibration_shift_train_neg,tr_hn_001,Siderite,0.3144999999999999,0.21237500000000004,0.36487499999999995,0.354375,0.495,0.20224999999999999,0.0,0.0005,0.6665,-0.05037500000000006,-0.1524999999999999
train,calibration_shift_train_neg,tr_hn_002,Goethite,0.2965,0.31437499999999996,0.29174999999999995,0.6179999999999999,0.259375,0.23175000000000004,0.0,0.0,0.666625,0.004750000000000032,0.022625000000000006
train,calibration_shift_train_neg,tr_hn_002,Hematite,0.488125,0.31975,0.45999999999999996,0.535875,0.330375,0.298625,0.0,0.005875,0.670875,0.02812500000000001,-0.14024999999999999
train,calibration_shift_train_neg,tr_hn_002,Ilmenite,0.434625,0.281,0.475375,0.46375,0.391625,0.258,0.0,0.000875,0.675125,-0.04075000000000001,-0.19437499999999996
train,calibration_shift_train_neg,tr_hn_002,Magnetite,0.403875,0.500875,0.365375,0.513625,0.203375,0.38387499999999997,0.0,0.017875000000000002,0.6547499999999999,0.03849999999999998,0.13549999999999995
train,calibration_shift_train_neg,tr_hn_002,Rutile,0.27699999999999997,0.29724999999999996,0.27549999999999997,0.38525,0.29000000000000004,0.49049999999999994,0.0,0.00025,0.666875,0.0015000000000000013,0.02174999999999999
train,calibration_shift_train_neg,tr_hn_002,Siderite,0.305125,0.22012500000000002,0.35550000000000004,0.3425,0.50725,0.22475,0.0,0.000125,0.679,-0.05037500000000006,-0.13537500000000002
train,calibration_shift_train_neg,tr_hn_003,Goethite,0.276625,0.3065,0.28400000000000003,0.612625,0.264375,0.22137500000000002,0.0,0.0,0.660375,-0.00737500000000002,0.022499999999999964
train,calibration_shift_train_neg,tr_hn_003,Hematite,0.49575,0.3238749999999999,0.46675,0.531375,0.33162500000000006,0.30037499999999995,0.0,0.0027500000000000003,0.6725000000000001,0.029000000000000026,-0.14287500000000009
train,calibration_shift_train_neg,tr_hn_003,Ilmenite,0.432125,0.284625,0.47324999999999995,0.46862499999999996,0.38225,0.259375,0.0,0.00075,0.67675,-0.04112499999999997,-0.18862499999999993
train,calibration_shift_train_neg,tr_hn_003,Magnetite,0.41837499999999994,0.5165,0.37937499999999996,0.5367500000000001,0.204625,0.37949999999999995,0.0,0.01425,0.65475,0.03899999999999998,0.137125
train,calibration_shift_train_neg,tr_hn_003,Rutile,0.281625,0.31262499999999993,0.28099999999999997,0.409625,0.26725,0.504375,0.0,0.0005,0.668625,0.0006250000000000422,0.03162499999999996
train,calibration_shift_train_neg,tr_hn_003,Siderite,0.301125,0.208625,0.365875,0.3325,0.542125,0.20550000000000002,0.0,0.00025,0.6795,-0.06475000000000003,-0.15725
train,calibration_shift_train_pos,tr_hn_001,Goethite,0.277625,0.313125,0.27749999999999997,0.61275,0.24700000000000005,0.238375,0.0,0.0,0.6579999999999999,0.00012500000000004174,0.03562500000000002
train,calibration_shift_train_pos,tr_hn_001,Hematite,0.491625,0.32337499999999997,0.44587499999999997,0.5365,0.3365,0.29637499999999994,0.0,0.005,0.664125,0.04575000000000001,-0.1225
train,calibration_shift_train_pos,tr_hn_001,Ilmenite,0.451125,0.28437499999999993,0.4639999999999999,0.49487499999999995,0.38112499999999994,0.27649999999999997,0.0,0.00075,0.669625,-0.012874999999999914,-0.17962499999999998
train,calibration_shift_train_pos,tr_hn_001,Magnetite,0.38212499999999994,0.5037499999999999,0.33499999999999996,0.5193749999999999,0.194875,0.38699999999999996,0.0,0.0185,0.647375,0.04712499999999997,0.16874999999999996
train,calibration_shift_train_pos,tr_hn_001,Rutile,0.27012500000000006,0.28774999999999995,0.269875,0.372375,0.260625,0.4975,0.0,0.001375,0.66075,0.0002500000000000835,0.017874999999999974
train,calibration_shift_train_pos,tr_hn_001,Siderite,0.34074999999999994,0.21325,0.370375,0.34412500000000007,0.50875,0.232375,0.0,0.0005,0.6745000000000001,-0.029625000000000068,-0.15712500000000001
train,calibration_shift_train_pos,tr_hn_002,Goethite,0.286125,0.30574999999999997,0.291,0.6100000000000001,0.25150000000000006,0.23375,0.0,0.0,0.662,-0.004874999999999963,0.014749999999999985
train,calibration_shift_train_pos,tr_hn_002,Hematite,0.498375,0.332375,0.4664999999999999,0.55575,0.3085,0.31024999999999997,0.0,0.0055,0.66525,0.0318750000000001,-0.13412499999999994
train,calibration_shift_train_pos,tr_hn_002,Ilmenite,0.4703749999999999,0.29537500000000005,0.4714999999999999,0.49712499999999993,0.36412500000000003,0.27862499999999996,0.0,0.0005,0.6717500000000001,-0.0011250000000000426,-0.17612499999999986
train,calibration_shift_train_pos,tr_hn_002,Magnetite,0.38949999999999996,0.5115000000000001,0.349375,0.5387500000000001,0.21087500000000003,0.396125,0.0,0.015625,0.645125,0.040124999999999966,0.16212500000000007
train,calibration_shift_train_pos,tr_hn_002,Rutile,0.281,0.2972499999999999,0.273125,0.37825,0.23925000000000005,0.491625,0.0,0.0017499999999999998,0.6583749999999999,0.007875000000000021,0.024124999999999897
train,calibration_shift_train_pos,tr_hn_002,Siderite,0.32637499999999997,0.21225,0.364125,0.36675,0.51275,0.23075,0.0,0.00025,0.677,-0.037750000000000006,-0.15187499999999998
train,calibration_shift_train_pos,tr_hn_003,Goethite,0.281625,0.30899999999999994,0.27387500000000004,0.60175,0.23975000000000002,0.24375000000000002,0.0,0.0,0.653875,0.007749999999999979,0.035124999999999906
train,calibration_shift_train_pos,tr_hn_003,Hematite,0.490125,0.333125,0.445,0.53725,0.32237499999999997,0.30837500000000007,0.0,0.0055,0.65925,0.04512499999999997,-0.111875
train,calibration_shift_train_pos,tr_hn_003,Ilmenite,0.465125,0.300875,0.47224999999999995,0.47700000000000004,0.365125,0.27849999999999997,0.0,0.0011250000000000001,0.6643749999999999,-0.007124999999999937,-0.17137499999999994
train,calibration_shift_train_pos,tr_hn_003,Magnetite,0.386375,0.510375,0.34199999999999997,0.519625,0.19175000000000003,0.384,0.0,0.015875,0.635375,0.04437500000000005,0.16837500000000005
train,calibration_shift_train_pos,tr_hn_003,Rutile,0.27499999999999997,0.2935,0.260625,0.373625,0.249,0.50075,0.0,0.0015,0.65375,0.014374999999999971,0.03287499999999999
train,calibration_shift_train_pos,tr_hn_003,Siderite,0.340375,0.210125,0.36924999999999997,0.34687500000000004,0.5011249999999999,0.23987499999999998,0.0,0.001,0.67175,-0.028874999999999984,-0.15912499999999996
train,combined_train_high_neg,tr_hn_001,Goethite,0.21450000000000002,0.20562500000000003,0.22262500000000002,0.33875,0.214,0.18325000000000002,0.0,0.0,0.524625,-0.008124999999999993,-0.016999999999999987
train,combined_train_high_neg,tr_hn_001,Hematite,0.25187499999999996,0.23675000000000002,0.254,0.335875,0.25137499999999996,0.230875,0.0,0.004625000000000001,0.54375,-0.0021250000000000435,-0.017249999999999988
train,combined_train_high_neg,tr_hn_001,Ilmenite,0.25687499999999996,0.2355,0.25125,0.341375,0.254625,0.227875,0.0,0.003875,0.547875,0.005624999999999991,-0.015749999999999986
train,combined_train_high_neg,tr_hn_001,Magnetite,0.251375,0.25649999999999995,0.23662499999999997,0.340125,0.20825000000000005,0.254625,0.0,0.00775,0.526625,0.01475000000000004,0.019874999999999976
train,combined_train_high_neg,tr_hn_001,Rutile,0.23225,0.1975,0.22537499999999996,0.270875,0.250375,0.25487499999999996,0.0,0.005375,0.541125,0.006875000000000048,-0.027874999999999955
train,combined_train_high_neg,tr_hn_001,Siderite,0.23300000000000004,0.22375,0.23900000000000002,0.31537500000000007,0.25475,0.217125,0.0,0.0022500000000000003,0.551875,-0.005999999999999978,-0.015250000000000014
train,combined_train_high_neg,tr_hn_002,Goethite,0.224875,0.22575,0.21912500000000001,0.36387499999999995,0.19162500000000002,0.1975,0.0,0.000125,0.530875,0.005749999999999977,0.006624999999999992
train,combined_train_high_neg,tr_hn_002,Hematite,0.25912499999999994,0.23624999999999996,0.268875,0.326875,0.24712499999999998,0.24762499999999998,0.0,0.003375,0.54425,-0.009750000000000036,-0.032625000000000015
train,combined_train_high_neg,tr_hn_002,Ilmenite,0.24924999999999997,0.22362500000000002,0.25749999999999995,0.3185,0.256125,0.23687499999999995,0.0,0.002875,0.5487500000000001,-0.00824999999999998,-0.03387499999999993
train,combined_train_high_neg,tr_hn_002,Magnetite,0.26087499999999997,0.251,0.252,0.317125,0.233875,0.256625,0.0,0.005125,0.534,0.008874999999999966,-0.0010000000000000009
train,combined_train_high_neg,tr_hn_002,Rutile,0.23575000000000002,0.19812500000000002,0.231125,0.268875,0.242875,0.23725,0.0,0.00725,0.546125,0.004625000000000018,-0.032999999999999974
train,combined_train_high_neg,tr_hn_002,Siderite,0.229,0.196125,0.22962500000000002,0.305875,0.27275,0.21350000000000002,0.0,0.0027500000000000003,0.5546249999999999,-0.0006250000000000144,-0.03350000000000003
train,combined_train_high_neg,tr_hn_003,Goethite,0.21100000000000002,0.21075,0.21950000000000003,0.337875,0.22175,0.19175,0.0,0.000625,0.537875,-0.008500000000000008,-0.008750000000000036
train,combined_train_high_neg,tr_hn_003,Hematite,0.26212499999999994,0.2435,0.2597499999999999,0.33075,0.24937499999999999,0.24574999999999997,0.0,0.0045,0.555875,0.002375000000000016,-0.01624999999999993
train,combined_train_high_neg,tr_hn_003,Ilmenite,0.25449999999999995,0.237375,0.25637499999999996,0.33562500000000006,0.24624999999999997,0.23975,0.0,0.0032500000000000003,0.559625,-0.0018750000000000155,-0.01899999999999996
train,combined_train_high_neg,tr_hn_003,Magnetite,0.26487499999999997,0.2445,0.2515,0.336625,0.215125,0.252125,0.0,0.006875,0.5405,0.01337499999999997,-0.007000000000000006
train,combined_train_high_neg,tr_hn_003,Rutile,0.23812499999999998,0.20587500000000003,0.24400000000000002,0.26625,0.25925,0.250125,0.0,0.005125,0.55625,-0.005875000000000047,-0.03812499999999999
train,combined_train_high_neg,tr_hn_003,Siderite,0.24537500000000004,0.223375,0.24150000000000002,0.3145,0.257,0.22362500000000005,0.0,0.003875,0.56475,0.0038750000000000173,-0.01812500000000003
train,combined_train_high_pos,tr_hn_001,Goethite,0.213875,0.20750000000000002,0.21925000000000006,0.336375,0.20750000000000005,0.207125,0.0,0.000625,0.536375,-0.005375000000000046,-0.011750000000000038
train,combined_train_high_pos,tr_hn_001,Hematite,0.2629999999999999,0.23962499999999998,0.26462499999999994,0.3275,0.25812499999999994,0.256625,0.0,0.006625000000000001,0.54925,-0.001625000000000043,-0.024999999999999967
train,combined_train_high_pos,tr_hn_001,Ilmenite,0.26012499999999994,0.23612499999999997,0.25849999999999995,0.326875,0.261375,0.247875,0.0,0.0032500000000000003,0.5526249999999999,0.0016249999999999876,-0.022374999999999978
train,combined_train_high_pos,tr_hn_001,Magnetite,0.256375,0.253625,0.242375,0.30874999999999997,0.20800000000000002,0.27075,0.0,0.007375,0.532875,0.014000000000000012,0.011249999999999982
train,combined_train_high_pos,tr_hn_001,Rutile,0.22875,0.20737500000000003,0.232375,0.27325,0.228875,0.25025000000000003,0.0,0.007500000000000001,0.547625,-0.0036249999999999893,-0.024999999999999967
train,combined_train_high_pos,tr_hn_001,Siderite,0.22774999999999998,0.217875,0.24212500000000003,0.30825,0.266625,0.2435,0.0,0.0034999999999999996,0.558125,-0.014375000000000054,-0.02425000000000002
train,combined_train_high_pos,tr_hn_002,Goethite,0.214875,0.21025,0.21737500000000004,0.35262499999999997,0.20850000000000002,0.21387500000000004,0.0,0.000375,0.530125,-0.00250000000000003,-0.007125000000000048
train,combined_train_high_pos,tr_hn_002,Hematite,0.26487499999999997,0.225125,0.25512499999999994,0.33025000000000004,0.260625,0.24724999999999997,0.0,0.0036249999999999998,0.540125,0.009750000000000036,-0.029999999999999943
train,combined_train_high_pos,tr_hn_002,Ilmenite,0.26249999999999996,0.224875,0.25512499999999994,0.33162500000000006,0.259,0.23862499999999998,0.0,0.0025,0.544875,0.00737500000000002,-0.030249999999999944
train,combined_train_high_pos,tr_hn_002,Magnetite,0.25925,0.247,0.250375,0.324125,0.21612500000000004,0.27574999999999994,0.0,0.0045000000000000005,0.526125,0.008874999999999966,-0.003375000000000017
train,combined_train_high_pos,tr_hn_002,Rutile,0.233375,0.20375,0.23225,0.26475,0.244,0.24625,0.0,0.00725,0.5406249999999999,0.0011249999999999871,-0.028500000000000025
train,combined_train_high_pos,tr_hn_002,Siderite,0.23000000000000004,0.21675,0.23325,0.30125,0.25375,0.217125,0.0,0.0034999999999999996,0.5505,-0.003249999999999975,-0.016500000000000015
train,combined_train_high_pos,tr_hn_003,Goethite,0.22775,0.210875,0.2305,0.340625,0.203,0.21500000000000002,0.0,0.0,0.5309999999999999,-0.0027500000000000024,-0.019625000000000004
train,combined_train_high_pos,tr_hn_003,Hematite,0.266625,0.2445,0.265875,0.326,0.256625,0.2575,0.0,0.0055,0.54525,0.0007500000000000284,-0.021374999999999977
train,combined_train_high_pos,tr_hn_003,Ilmenite,0.25737499999999996,0.225625,0.26425,0.32762500000000006,0.25625,0.252375,0.0,0.004,0.549375,-0.00687500000000002,-0.03862499999999999
train,combined_train_high_pos,tr_hn_003,Magnetite,0.25887499999999997,0.25087499999999996,0.256125,0.3185,0.23187500000000003,0.278625,0.0,0.00425,0.52925,0.0027499999999999747,-0.005250000000000032
train,combined_train_high_pos,tr_hn_003,Rutile,0.242125,0.21100000000000002,0.22774999999999998,0.276875,0.235,0.255375,0.0,0.007875,0.544875,0.014375000000000027,-0.01674999999999996
train,combined_train_high_pos,tr_hn_003,Siderite,0.233375,0.21325,0.239,0.31487499999999996,0.255875,0.22962500000000002,0.0,0.004375,0.55575,-0.005624999999999991,-0.025749999999999995
train,combined_train_moderate,tr_hn_001,Goethite,0.246,0.2385,0.24474999999999997,0.40712500000000007,0.21162499999999998,0.22537500000000002,0.0,0.00025,0.587,0.0012500000000000289,-0.006249999999999978
train,combined_train_moderate,tr_hn_001,Hematite,0.30774999999999997,0.266125,0.3115,0.40149999999999997,0.28937499999999994,0.26675000000000004,0.0,0.003625,0.5971249999999999,-0.003750000000000031,-0.045375
train,combined_train_moderate,tr_hn_001,Ilmenite,0.2978749999999999,0.25725,0.31262499999999993,0.384,0.29724999999999996,0.24024999999999996,0.0,0.002375,0.601375,-0.01475000000000004,-0.05537499999999995
train,combined_train_moderate,tr_hn_001,Magnetite,0.28474999999999995,0.3015,0.27212499999999995,0.37412500000000004,0.24362500000000004,0.29874999999999996,0.0,0.007875,0.5800000000000001,0.012624999999999997,0.02937500000000004
train,combined_train_moderate,tr_hn_001,Rutile,0.26425,0.25,0.251375,0.30099999999999993,0.271375,0.30225,0.0,0.010499999999999999,0.596625,0.01287499999999997,-0.001375000000000015
train,combined_train_moderate,tr_hn_001,Siderite,0.27299999999999996,0.23462500000000003,0.27475,0.348,0.30074999999999996,0.238125,0.0,0.002875,0.607375,-0.0017500000000000293,-0.040124999999999966
train,combined_train_moderate,tr_hn_002,Goethite,0.25875000000000004,0.24087499999999998,0.25137499999999996,0.395625,0.21937500000000001,0.216125,0.0,0.000125,0.5795,0.007375000000000076,-0.010499999999999982
train,combined_train_moderate,tr_hn_002,Hematite,0.3042499999999999,0.256625,0.301125,0.3836250000000001,0.27374999999999994,0.277375,0.0,0.0052499999999999995,0.5945,0.0031249999999999334,-0.044499999999999984
train,combined_train_moderate,tr_hn_002,Ilmenite,0.29212499999999997,0.24625,0.299125,0.36550000000000005,0.28837500000000005,0.25825,0.0,0.0036249999999999998,0.59875,-0.007000000000000006,-0.05287499999999998
train,combined_train_moderate,tr_hn_002,Magnetite,0.28824999999999995,0.28937499999999994,0.272875,0.371,0.24325000000000002,0.299625,0.0,0.009,0.57975,0.015374999999999972,0.01649999999999996
train,combined_train_moderate,tr_hn_002,Rutile,0.254375,0.23237500000000003,0.241,0.287875,0.265375,0.29125,0.0,0.010375,0.5925,0.013375000000000026,-0.008624999999999966
train,combined_train_moderate,tr_hn_002,Siderite,0.27049999999999996,0.23675000000000002,0.27449999999999997,0.346125,0.30425,0.24475000000000002,0.0,0.002,0.601375,-0.0040000000000000036,-0.03774999999999995
train,combined_train_moderate,tr_hn_003,Goethite,0.23975000000000002,0.235,0.237375,0.40075000000000005,0.217625,0.219375,0.0,0.0,0.5802499999999999,0.002375000000000016,-0.002375000000000016
train,combined_train_moderate,tr_hn_003,Hematite,0.3138749999999999,0.27025,0.305125,0.39125,0.279625,0.26612499999999994,0.0,0.003375,0.595125,0.008749999999999925,-0.03487499999999999
train,combined_train_moderate,tr_hn_003,Ilmenite,0.29974999999999996,0.26749999999999996,0.30374999999999996,0.37825000000000003,0.28625,0.25812499999999994,0.0,0.002875,0.59975,-0.0040000000000000036,-0.036250000000000004
train,combined_train_moderate,tr_hn_003,Magnetite,0.29525,0.2965,0.282,0.37625,0.23087500000000005,0.295875,0.0,0.00825,0.577,0.01325000000000004,0.014500000000000013
train,combined_train_moderate,tr_hn_003,Rutile,0.26187499999999997,0.23525000000000001,0.243375,0.309875,0.251375,0.308125,0.0,0.007125,0.5936250000000001,0.01849999999999996,-0.008124999999999993
train,combined_train_moderate,tr_hn_003,Siderite,0.26962499999999995,0.2485,0.27962499999999996,0.3495,0.28874999999999995,0.24050000000000005,0.0,0.003375,0.60375,-0.010000000000000009,-0.031124999999999958
train,hard_negative_peak_shift_train,tr_hn_001,Goethite,0.239,0.230375,0.24562499999999998,0.387125,0.20575,0.19412500000000002,0.0,0.0,0.5702499999999999,-0.006624999999999992,-0.015249999999999986
train,hard_negative_peak_shift_train,tr_hn_001,Hematite,0.2868749999999999,0.252625,0.2878749999999999,0.3782500000000001,0.28325,0.24612499999999998,0.0,0.004375,0.5865,-0.0010000000000000009,-0.03524999999999989
train,hard_negative_peak_shift_train,tr_hn_001,Ilmenite,0.2804999999999999,0.236375,0.28274999999999995,0.36137500000000006,0.285875,0.232875,0.0,0.001625,0.58925,-0.0022500000000000298,-0.046374999999999944
train,hard_negative_peak_shift_train,tr_hn_001,Magnetite,0.291625,0.28112499999999996,0.27749999999999997,0.38775000000000004,0.23462500000000003,0.27912499999999996,0.0,0.007,0.573625,0.014125000000000054,0.0036249999999999893
train,hard_negative_peak_shift_train,tr_hn_001,Rutile,0.259625,0.22225,0.23975000000000002,0.30762500000000004,0.264,0.276125,0.0,0.0052499999999999995,0.5836250000000001,0.019874999999999976,-0.017500000000000016
train,hard_negative_peak_shift_train,tr_hn_001,Siderite,0.24825,0.22262500000000002,0.2515,0.33424999999999994,0.28037499999999993,0.22425,0.0,0.00175,0.5940000000000001,-0.003250000000000003,-0.028874999999999984
train,hard_negative_peak_shift_train,tr_hn_002,Goethite,0.246,0.23212500000000003,0.24125,0.40975000000000006,0.209125,0.20725,0.0,0.00025,0.571,0.004750000000000004,-0.009124999999999966
train,hard_negative_peak_shift_train,tr_hn_002,Hematite,0.29937499999999995,0.26187499999999997,0.29200000000000004,0.380375,0.282625,0.25425,0.0,0.0031249999999999997,0.5885,0.007374999999999909,-0.03012500000000007
train,hard_negative_peak_shift_train,tr_hn_002,Ilmenite,0.28074999999999994,0.25025,0.29599999999999993,0.36762500000000004,0.29562499999999997,0.236375,0.0,0.0033750000000000004,0.5918749999999999,-0.015249999999999986,-0.04574999999999996
train,hard_negative_peak_shift_train,tr_hn_002,Magnetite,0.30075,0.298,0.27949999999999997,0.38375000000000004,0.22812500000000002,0.27574999999999994,0.0,0.00825,0.571125,0.021250000000000047,0.018500000000000016
train,hard_negative_peak_shift_train,tr_hn_002,Rutile,0.23750000000000004,0.22350000000000003,0.24875,0.29337499999999994,0.27449999999999997,0.291375,0.0,0.005875,0.58575,-0.011249999999999954,-0.025249999999999967
train,hard_negative_peak_shift_train,tr_hn_002,Siderite,0.261125,0.22750000000000004,0.26799999999999996,0.3295,0.30174999999999996,0.22137500000000002,0.0,0.0033749999999999995,0.59475,-0.0068749999999999645,-0.040499999999999925
train,hard_negative_peak_shift_train,tr_hn_003,Goethite,0.229875,0.22725,0.23762499999999998,0.38175000000000003,0.21787499999999999,0.189,0.0,0.0,0.5586249999999999,-0.007749999999999979,-0.010374999999999968
train,hard_negative_peak_shift_train,tr_hn_003,Hematite,0.2915,0.24312499999999998,0.28675,0.36425,0.27112499999999995,0.24662499999999998,0.0,0.004,0.5727500000000001,0.0047499999999999765,-0.043625000000000025
train,hard_negative_peak_shift_train,tr_hn_003,Ilmenite,0.2789999999999999,0.242625,0.28237499999999993,0.341125,0.2859999999999999,0.23775,0.0,0.003375,0.576875,-0.003375000000000017,-0.039749999999999924
train,hard_negative_peak_shift_train,tr_hn_003,Magnetite,0.284875,0.28762499999999996,0.26625,0.35250000000000004,0.22312500000000005,0.26487499999999997,0.0,0.009,0.557125,0.018625000000000003,0.021374999999999977
train,hard_negative_peak_shift_train,tr_hn_003,Rutile,0.24200000000000002,0.21187500000000004,0.24175000000000002,0.28737499999999994,0.27149999999999996,0.28412499999999996,0.0,0.0052499999999999995,0.570125,0.0002500000000000002,-0.029874999999999985
train,hard_negative_peak_shift_train,tr_hn_003,Siderite,0.25325,0.217125,0.261125,0.322,0.303125,0.22437500000000002,0.0,0.0022500000000000003,0.582625,-0.007875000000000021,-0.043999999999999984
train,nominal,tr_hn_001,Goethite,0.29025,0.31625000000000003,0.28412499999999996,0.653875,0.251375,0.23975000000000002,0.0,0.0,0.6645,0.006125000000000047,0.03212500000000007
train,nominal,tr_hn_001,Hematite,0.5345000000000001,0.32025,0.47475,0.5740000000000001,0.32575000000000004,0.31124999999999997,0.0,0.004375,0.6757500000000001,0.05975000000000008,-0.15450000000000003
train,nominal,tr_hn_001,Ilmenite,0.47650000000000003,0.28225,0.516625,0.48775,0.403875,0.26999999999999996,0.0,0.0,0.679,-0.040124999999999966,-0.234375
train,nominal,tr_hn_001,Magnetite,0.41425,0.557375,0.376625,0.537625,0.18462500000000004,0.41000000000000003,0.0,0.021124999999999998,0.658875,0.03762500000000002,0.18074999999999997
train,nominal,tr_hn_001,Rutile,0.2763749999999999,0.307125,0.27674999999999994,0.4015,0.24300000000000002,0.546,0.0,0.00125,0.672,-0.0003750000000000142,0.03037500000000004
train,nominal,tr_hn_001,Siderite,0.32062499999999994,0.208875,0.38375,0.345125,0.576125,0.20787500000000003,0.0,0.00025,0.68275,-0.06312500000000004,-0.17487499999999997
train,nominal,tr_hn_002,Goethite,0.29899999999999993,0.316625,0.28774999999999995,0.6617500000000001,0.259125,0.237125,0.0,0.0,0.67025,0.011249999999999982,0.02887500000000004
train,nominal,tr_hn_002,Hematite,0.5391250000000001,0.33912499999999995,0.485,0.58875,0.324875,0.325125,0.0,0.0045,0.6819999999999999,0.05412500000000009,-0.14587500000000003
train,nominal,tr_hn_002,Ilmenite,0.48037499999999994,0.29075,0.520125,0.514625,0.394375,0.28325,0.0,0.0,0.68625,-0.03975000000000001,-0.22937499999999994
train,nominal,tr_hn_002,Magnetite,0.41312499999999996,0.5723750000000001,0.38287499999999997,0.55325,0.19337500000000002,0.409625,0.0,0.019875,0.66425,0.03025,0.1895000000000001
train,nominal,tr_hn_002,Rutile,0.29425,0.316625,0.29399999999999993,0.42274999999999996,0.25625,0.552875,0.0,0.000375,0.67825,0.0002500000000000835,0.02262500000000006
train,nominal,tr_hn_002,Siderite,0.337375,0.214125,0.3865,0.35724999999999996,0.57325,0.21200000000000002,0.0,0.0,0.68775,-0.04912500000000003,-0.172375
train,nominal,tr_hn_003,Goethite,0.286375,0.31325,0.281,0.655625,0.24987500000000004,0.228125,0.0,0.000125,0.662125,0.005374999999999963,0.032249999999999945
train,nominal,tr_hn_003,Hematite,0.524125,0.33199999999999996,0.4605,0.5766249999999999,0.322625,0.3125,0.0,0.004,0.6715,0.06362499999999993,-0.12850000000000006
train,nominal,tr_hn_003,Ilmenite,0.47162500000000007,0.29950000000000004,0.5073749999999999,0.49412500000000004,0.39587500000000003,0.279,0.0,0.000875,0.6753750000000001,-0.03574999999999984,-0.20787499999999987
train,nominal,tr_hn_003,Magnetite,0.39925,0.5568749999999999,0.365375,0.53,0.187,0.40725,0.0,0.018250000000000002,0.65175,0.03387499999999999,0.1914999999999999
train,nominal,tr_hn_003,Rutile,0.28325,0.30899999999999994,0.28049999999999997,0.404875,0.25062500000000004,0.539125,0.0,0.000625,0.66875,0.00275000000000003,0.02849999999999997
train,nominal,tr_hn_003,Siderite,0.32399999999999995,0.21175,0.37750000000000006,0.353,0.5574999999999999,0.21225000000000002,0.0,0.000125,0.67975,-0.0535000000000001,-0.16575000000000006
train,resolution_blur_train_high,tr_hn_001,Goethite,0.22762500000000002,0.21525,0.22700000000000004,0.35325000000000006,0.20450000000000002,0.1985,0.0,0.0,0.548625,0.0006249999999999867,-0.011750000000000038
train,resolution_blur_train_high,tr_hn_001,Hematite,0.279875,0.24825,0.28324999999999995,0.3503750000000001,0.24999999999999994,0.25475,0.0,0.004875,0.56675,-0.0033749999999999614,-0.03499999999999995
train,resolution_blur_train_high,tr_hn_001,Ilmenite,0.278375,0.23937499999999998,0.2784999999999999,0.34037500000000004,0.26225,0.2435,0.0,0.002125,0.5700000000000001,-0.00012499999999993072,-0.03912499999999994
train,resolution_blur_train_high,tr_hn_001,Magnetite,0.266,0.2575,0.25975000000000004,0.3245,0.24112500000000006,0.27449999999999997,0.0,0.006,0.55125,0.006249999999999978,-0.0022500000000000298
train,resolution_blur_train_high,tr_hn_001,Rutile,0.23575000000000002,0.209625,0.237625,0.2875,0.24874999999999997,0.25812499999999994,0.0,0.006625,0.562625,-0.0018749999999999878,-0.027999999999999997
train,resolution_blur_train_high,tr_hn_001,Siderite,0.239625,0.22062500000000002,0.25575,0.31037499999999996,0.27,0.23750000000000002,0.0,0.003375,0.5738749999999999,-0.016124999999999973,-0.03512499999999996
train,resolution_blur_train_high,tr_hn_002,Goethite,0.21625000000000005,0.202,0.22200000000000003,0.34850000000000003,0.20062500000000003,0.19250000000000006,0.0,0.000375,0.5305,-0.005749999999999977,-0.020000000000000018
train,resolution_blur_train_high,tr_hn_002,Hematite,0.27124999999999994,0.23675,0.2723749999999999,0.34037500000000004,0.261625,0.244,0.0,0.003375,0.555125,-0.0011249999999999871,-0.035624999999999934
train,resolution_blur_train_high,tr_hn_002,Ilmenite,0.25412499999999993,0.2285,0.26912499999999995,0.3265,0.27512499999999995,0.235875,0.0,0.002375,0.559875,-0.015000000000000013,-0.04062499999999994
train,resolution_blur_train_high,tr_hn_002,Magnetite,0.278875,0.2565,0.269625,0.34950000000000003,0.22137500000000004,0.267,0.0,0.004625000000000001,0.53975,0.00924999999999998,-0.013124999999999998
train,resolution_blur_train_high,tr_hn_002,Rutile,0.245375,0.20875,0.22700000000000004,0.29012499999999997,0.24212499999999998,0.26574999999999993,0.0,0.006625,0.555625,0.018374999999999975,-0.018250000000000044
train,resolution_blur_train_high,tr_hn_002,Siderite,0.23299999999999998,0.210125,0.24075000000000002,0.29425,0.26137499999999997,0.22062500000000002,0.0,0.003125,0.563375,-0.007750000000000035,-0.030625000000000013
train,resolution_blur_train_high,tr_hn_003,Goethite,0.2235,0.215125,0.219375,0.351125,0.205,0.19187500000000002,0.0,0.0,0.5353749999999999,0.0041250000000000175,-0.004249999999999976
train,resolution_blur_train_high,tr_hn_003,Hematite,0.2626249999999999,0.232375,0.2683749999999999,0.33625000000000005,0.26237499999999997,0.232125,0.0,0.004125,0.5562499999999999,-0.005750000000000033,-0.03599999999999992
train,resolution_blur_train_high,tr_hn_003,Ilmenite,0.2577499999999999,0.22837500000000002,0.2653749999999999,0.33899999999999997,0.2495,0.238375,0.0,0.00425,0.5603750000000001,-0.007624999999999993,-0.036999999999999894
train,resolution_blur_train_high,tr_hn_003,Magnetite,0.25512499999999994,0.26349999999999996,0.24625000000000002,0.333625,0.22462500000000002,0.25899999999999995,0.0,0.00875,0.539875,0.00887499999999991,0.017249999999999932
train,resolution_blur_train_high,tr_hn_003,Rutile,0.2265,0.20937500000000003,0.23475000000000001,0.279125,0.253375,0.254375,0.0,0.007625,0.5549999999999999,-0.008250000000000007,-0.02537499999999998
train,resolution_blur_train_high,tr_hn_003,Siderite,0.23650000000000002,0.204625,0.257125,0.30800000000000005,0.26412499999999994,0.22887500000000002,0.0,0.00475,0.5642499999999999,-0.020624999999999977,-0.05249999999999999
train,resolution_blur_train_moderate,tr_hn_001,Goethite,0.25587499999999996,0.25375,0.26275000000000004,0.43850000000000006,0.23925,0.22762499999999997,0.0,0.000125,0.6063750000000001,-0.0068750000000000755,-0.009000000000000064
train,resolution_blur_train_moderate,tr_hn_001,Hematite,0.33987500000000004,0.2935,0.33824999999999994,0.41200000000000003,0.31437499999999996,0.26762499999999995,0.0,0.004,0.616375,0.0016250000000000986,-0.044749999999999956
train,resolution_blur_train_moderate,tr_hn_001,Ilmenite,0.32437499999999997,0.264,0.33424999999999994,0.39925,0.31387499999999996,0.25087499999999996,0.0,0.003125,0.621,-0.009874999999999967,-0.07024999999999992
train,resolution_blur_train_moderate,tr_hn_001,Magnetite,0.3145,0.3178749999999999,0.29924999999999996,0.39225,0.26,0.3094999999999999,0.0,0.0072499999999999995,0.5994999999999999,0.015250000000000041,0.018624999999999947
train,resolution_blur_train_moderate,tr_hn_001,Rutile,0.263625,0.24987499999999999,0.255625,0.297375,0.276,0.33587500000000003,0.0,0.008625,0.61575,0.008000000000000007,-0.005750000000000005
train,resolution_blur_train_moderate,tr_hn_001,Siderite,0.27875,0.235375,0.291875,0.34424999999999994,0.32862499999999994,0.24075000000000002,0.0,0.0022500000000000003,0.623875,-0.013124999999999998,-0.056499999999999995
train,resolution_blur_train_moderate,tr_hn_002,Goethite,0.26612499999999994,0.268875,0.26275,0.45975000000000005,0.23525000000000001,0.22475,0.0,0.0,0.612125,0.0033749999999999614,0.0061249999999999916
train,resolution_blur_train_moderate,tr_hn_002,Hematite,0.34725000000000006,0.28024999999999994,0.344125,0.4235,0.2995,0.27474999999999994,0.0,0.00425,0.625,0.0031250000000000444,-0.06387500000000007
train,resolution_blur_train_moderate,tr_hn_002,Ilmenite,0.3305,0.26112499999999994,0.32662499999999994,0.4230000000000001,0.302875,0.25575,0.0,0.002125,0.6291249999999999,0.003875000000000073,-0.0655
train,resolution_blur_train_moderate,tr_hn_002,Magnetite,0.32375,0.32599999999999996,0.30387499999999995,0.42225,0.249,0.32237499999999997,0.0,0.005625,0.611375,0.01987500000000003,0.022125000000000006
train,resolution_blur_train_moderate,tr_hn_002,Rutile,0.27025,0.24662500000000004,0.251625,0.3235,0.27525,0.33,0.0,0.005375,0.62475,0.018625000000000003,-0.004999999999999949
train,resolution_blur_train_moderate,tr_hn_002,Siderite,0.284625,0.23125,0.29600000000000004,0.354125,0.33162499999999995,0.23850000000000005,0.0,0.002375,0.63175,-0.011375000000000024,-0.06475000000000003
train,resolution_blur_train_moderate,tr_hn_003,Goethite,0.27325,0.2665,0.26812499999999995,0.4575,0.243,0.229375,0.0,0.0,0.611375,0.005125000000000046,-0.001624999999999932
train,resolution_blur_train_moderate,tr_hn_003,Hematite,0.349125,0.2899999999999999,0.33475,0.42725,0.294625,0.281,0.0,0.003375,0.6245,0.014375000000000027,-0.04475000000000007
train,resolution_blur_train_moderate,tr_hn_003,Ilmenite,0.33475000000000005,0.277875,0.33787500000000004,0.398625,0.30874999999999997,0.25275,0.0,0.004,0.629375,-0.003124999999999989,-0.06000000000000005
train,resolution_blur_train_moderate,tr_hn_003,Magnetite,0.319125,0.33449999999999996,0.29862500000000003,0.4119999999999999,0.24487500000000004,0.317625,0.0,0.009875,0.6074999999999999,0.020499999999999963,0.035874999999999935
train,resolution_blur_train_moderate,tr_hn_003,Rutile,0.26175,0.252,0.2495,0.29412499999999997,0.28,0.32262500000000005,0.0,0.008375,0.62225,0.012249999999999983,0.0025000000000000022
train,resolution_blur_train_moderate,tr_hn_003,Siderite,0.285,0.24400000000000002,0.299,0.355875,0.33099999999999996,0.25375000000000003,0.0,0.0026249999999999997,0.6347499999999999,-0.014000000000000012,-0.054999999999999966
train,source_energy_scale_train_high,tr_hn_001,Goethite,0.273875,0.274,0.27299999999999996,0.553875,0.23950000000000005,0.218875,0.0,0.0,0.638625,0.0008750000000000147,0.0010000000000000564
train,source_energy_scale_train_high,tr_hn_001,Hematite,0.472,0.318125,0.44125000000000003,0.52575,0.31775,0.289625,0.0,0.003375,0.6515,0.030749999999999944,-0.12312500000000004
train,source_energy_scale_train_high,tr_hn_001,Ilmenite,0.430625,0.27875,0.45499999999999996,0.4695,0.35100000000000003,0.26625000000000004,0.0,0.00025,0.6563749999999999,-0.02437499999999998,-0.17624999999999996
train,source_energy_scale_train_high,tr_hn_001,Magnetite,0.38475000000000004,0.49,0.354125,0.5217499999999999,0.20274999999999999,0.36462500000000003,0.0,0.015,0.6328750000000001,0.030625000000000013,0.13587499999999997
train,source_energy_scale_train_high,tr_hn_001,Rutile,0.260125,0.295875,0.268125,0.37349999999999994,0.26225000000000004,0.47562499999999996,0.0,0.001,0.647375,-0.008000000000000007,0.027749999999999997
train,source_energy_scale_train_high,tr_hn_001,Siderite,0.3072499999999999,0.20900000000000002,0.352375,0.342375,0.469125,0.22275,0.0,0.000625,0.6595,-0.04512500000000008,-0.14337499999999997
train,source_energy_scale_train_high,tr_hn_002,Goethite,0.28250000000000003,0.29962500000000003,0.28325,0.554375,0.241,0.23425000000000004,0.0,0.0,0.640375,-0.0007499999999999729,0.01637500000000003
train,source_energy_scale_train_high,tr_hn_002,Hematite,0.452875,0.300125,0.427875,0.5158750000000001,0.328,0.283,0.0,0.004125,0.654625,0.025000000000000022,-0.12775000000000003
train,source_energy_scale_train_high,tr_hn_002,Ilmenite,0.42574999999999996,0.28412499999999996,0.43862499999999993,0.471,0.34125,0.2605,0.0,0.00025,0.657875,-0.01287499999999997,-0.15449999999999997
train,source_energy_scale_train_high,tr_hn_002,Magnetite,0.37937499999999996,0.47,0.331125,0.5066250000000001,0.202,0.36674999999999996,0.0,0.015,0.633875,0.04824999999999996,0.13887499999999997
train,source_energy_scale_train_high,tr_hn_002,Rutile,0.27112499999999995,0.29499999999999993,0.25937499999999997,0.37275,0.27037500000000003,0.46375,0.0,0.000625,0.6465,0.011749999999999983,0.03562499999999996
train,source_energy_scale_train_high,tr_hn_002,Siderite,0.3201249999999999,0.225375,0.35362499999999997,0.348625,0.45599999999999996,0.22725,0.0,0.0005,0.66225,-0.033500000000000085,-0.12824999999999998
train,source_energy_scale_train_high,tr_hn_003,Goethite,0.282875,0.29537499999999994,0.28049999999999997,0.565875,0.240875,0.22000000000000003,0.0,0.0,0.64425,0.002375000000000016,0.014874999999999972
train,source_energy_scale_train_high,tr_hn_003,Hematite,0.454125,0.3158749999999999,0.43162500000000004,0.532125,0.335,0.28574999999999995,0.0,0.0034999999999999996,0.654875,0.022499999999999964,-0.11575000000000013
train,source_energy_scale_train_high,tr_hn_003,Ilmenite,0.41675000000000006,0.27875,0.436875,0.48262499999999997,0.36712500000000003,0.25775000000000003,0.0,0.000375,0.66025,-0.02012499999999995,-0.15812500000000002
train,source_energy_scale_train_high,tr_hn_003,Magnetite,0.37149999999999994,0.4675,0.35250000000000004,0.50475,0.20825,0.366875,0.0,0.0145,0.638125,0.018999999999999906,0.11499999999999999
train,source_energy_scale_train_high,tr_hn_003,Rutile,0.257875,0.286875,0.26,0.371625,0.27775,0.465625,0.0,0.001,0.653,-0.002124999999999988,0.026874999999999982
train,source_energy_scale_train_high,tr_hn_003,Siderite,0.31487499999999996,0.22287500000000002,0.36187499999999995,0.36,0.45625,0.21700000000000003,0.0,0.001375,0.6623749999999999,-0.046999999999999986,-0.13899999999999993
validation,calibration_shift_validation_mid,va_hn_001,Goethite,0.28625,0.299875,0.276875,0.5965,0.25175000000000003,0.23775000000000002,0.0,0.0,0.64825,0.009375000000000022,0.02300000000000002
validation,calibration_shift_validation_mid,va_hn_001,Hematite,0.47062499999999996,0.33599999999999997,0.42999999999999994,0.543625,0.319125,0.305625,0.0,0.005875,0.659125,0.04062500000000002,-0.09399999999999997
validation,calibration_shift_validation_mid,va_hn_001,Ilmenite,0.4424999999999999,0.29537499999999994,0.4638749999999999,0.491,0.365625,0.28874999999999995,0.0,0.000875,0.665125,-0.021375000000000033,-0.16849999999999998
validation,calibration_shift_validation_mid,va_hn_001,Magnetite,0.37575,0.49612500000000004,0.340625,0.529,0.20212500000000003,0.38912499999999994,0.0,0.01375,0.639875,0.03512499999999996,0.15550000000000003
validation,calibration_shift_validation_mid,va_hn_001,Rutile,0.273625,0.29637499999999994,0.26925,0.37449999999999994,0.24850000000000003,0.486375,0.0,0.0016250000000000001,0.6561250000000001,0.004375000000000018,0.027124999999999955
validation,calibration_shift_validation_mid,va_hn_001,Siderite,0.3298749999999999,0.20887500000000003,0.36224999999999996,0.362375,0.49424999999999997,0.22900000000000004,0.0,0.000625,0.667875,-0.03237500000000004,-0.15337499999999993
validation,calibration_shift_validation_mid,va_hn_002,Goethite,0.284125,0.29574999999999996,0.27562499999999995,0.563375,0.24575000000000002,0.22937500000000002,0.0,0.0,0.64625,0.008500000000000063,0.020125000000000004
validation,calibration_shift_validation_mid,va_hn_002,Hematite,0.46125,0.3177499999999999,0.41837499999999994,0.52625,0.31875,0.29612499999999997,0.0,0.006874999999999999,0.647625,0.04287500000000005,-0.10062500000000002
validation,calibration_shift_validation_mid,va_hn_002,Ilmenite,0.44225,0.288875,0.44900000000000007,0.484125,0.354,0.27212500000000006,0.0,0.002375,0.6543749999999999,-0.006750000000000089,-0.16012500000000007
validation,calibration_shift_validation_mid,va_hn_002,Magnetite,0.3665,0.47175,0.3232499999999999,0.4955,0.20375000000000004,0.367375,0.0,0.020125,0.6275,0.043250000000000066,0.14850000000000008
validation,calibration_shift_validation_mid,va_hn_002,Rutile,0.25549999999999995,0.29087499999999994,0.253625,0.353,0.242375,0.485625,0.0,0.002,0.643875,0.00187499999999996,0.03724999999999995
validation,calibration_shift_validation_mid,va_hn_002,Siderite,0.330125,0.22262500000000002,0.35537500000000005,0.35250000000000004,0.4605,0.24362499999999998,0.0,0.00075,0.6601250000000001,-0.02525000000000005,-0.13275000000000003
validation,combined_validation_mid,va_hn_001,Goethite,0.23850000000000005,0.23562500000000003,0.24200000000000005,0.39037499999999997,0.21837500000000004,0.21850000000000003,0.0,0.000625,0.565125,-0.003500000000000003,-0.0063750000000000195
validation,combined_validation_mid,va_hn_001,Hematite,0.28637499999999994,0.2613749999999999,0.2835,0.35687500000000005,0.26237499999999997,0.26499999999999996,0.0,0.003875,0.5767500000000001,0.002874999999999961,-0.02212500000000006
validation,combined_validation_mid,va_hn_001,Ilmenite,0.2771249999999999,0.25137499999999996,0.27449999999999997,0.355125,0.26412499999999994,0.25512499999999994,0.0,0.004875,0.5807500000000001,0.002624999999999933,-0.023125000000000007
validation,combined_validation_mid,va_hn_001,Magnetite,0.277375,0.255375,0.26025,0.35025000000000006,0.24150000000000005,0.285875,0.0,0.007124999999999999,0.55725,0.017125,-0.004874999999999963
validation,combined_validation_mid,va_hn_001,Rutile,0.24975000000000003,0.21750000000000003,0.24362499999999998,0.28137500000000004,0.251,0.27925,0.0,0.009625,0.5754999999999999,0.006125000000000047,-0.026124999999999954
validation,combined_validation_mid,va_hn_001,Siderite,0.25625,0.227375,0.26612499999999994,0.31337499999999996,0.27212499999999995,0.25125000000000003,0.0,0.00475,0.58525,-0.009874999999999967,-0.03874999999999995
validation,combined_validation_mid,va_hn_002,Goethite,0.234375,0.22875,0.240375,0.372375,0.216625,0.22175000000000003,0.0,0.00025,0.557375,-0.006000000000000005,-0.011624999999999996
validation,combined_validation_mid,va_hn_002,Hematite,0.28237499999999993,0.253,0.282,0.34887500000000005,0.263625,0.25775,0.0,0.005375,0.570125,0.0003749999999999587,-0.02899999999999997
validation,combined_validation_mid,va_hn_002,Ilmenite,0.27149999999999996,0.245125,0.27525,0.340375,0.27412499999999995,0.237875,0.0,0.00325,0.573625,-0.003750000000000031,-0.030124999999999985
validation,combined_validation_mid,va_hn_002,Magnetite,0.2743749999999999,0.271625,0.267,0.35425,0.23225000000000007,0.27125,0.0,0.00975,0.552125,0.007374999999999909,0.00462499999999999
validation,combined_validation_mid,va_hn_002,Rutile,0.24824999999999997,0.22462500000000002,0.240875,0.284375,0.266375,0.28112499999999996,0.0,0.008,0.564125,0.007374999999999965,-0.016249999999999987
validation,combined_validation_mid,va_hn_002,Siderite,0.263375,0.2285,0.26962499999999995,0.31637499999999996,0.29312499999999997,0.23550000000000001,0.0,0.00425,0.577625,-0.006249999999999922,-0.04112499999999994
validation,hard_negative_validation_bridge,va_hn_001,Goethite,0.20187500000000003,0.19787500000000002,0.20725,0.33775,0.195625,0.19487500000000002,0.0,0.0,0.5158750000000001,-0.005374999999999963,-0.009374999999999967
validation,hard_negative_validation_bridge,va_hn_001,Hematite,0.26474999999999993,0.22675,0.25687499999999996,0.3303750000000001,0.252,0.2355,0.0,0.005124999999999999,0.538625,0.007874999999999965,-0.030124999999999957
validation,hard_negative_validation_bridge,va_hn_001,Ilmenite,0.25612499999999994,0.2255,0.258625,0.313375,0.25487499999999996,0.229875,0.0,0.002875,0.5409999999999999,-0.0025000000000000577,-0.03312499999999999
validation,hard_negative_validation_bridge,va_hn_001,Magnetite,0.250625,0.258,0.250875,0.30237499999999995,0.22162500000000002,0.25625,0.0,0.0052499999999999995,0.52475,-0.000250000000000028,0.0071249999999999925
validation,hard_negative_validation_bridge,va_hn_001,Rutile,0.237125,0.213375,0.22625000000000003,0.28200000000000003,0.24225,0.254875,0.0,0.00475,0.53525,0.010874999999999968,-0.012875000000000025
validation,hard_negative_validation_bridge,va_hn_001,Siderite,0.22900000000000004,0.1965,0.245875,0.30637500000000006,0.272375,0.21987500000000004,0.0,0.002875,0.54625,-0.016874999999999973,-0.049375
validation,hard_negative_validation_bridge,va_hn_002,Goethite,0.21287500000000004,0.21000000000000002,0.210875,0.33962499999999995,0.18825,0.19312500000000002,0.0,0.00025,0.511375,0.0020000000000000295,-0.0008749999999999869
validation,hard_negative_validation_bridge,va_hn_002,Hematite,0.24987499999999999,0.23062500000000002,0.25125,0.318875,0.24874999999999997,0.22412500000000002,0.0,0.0045000000000000005,0.530625,-0.0013749999999999873,-0.02062499999999995
validation,hard_negative_validation_bridge,va_hn_002,Ilmenite,0.23787499999999998,0.22325,0.242625,0.3105,0.24975,0.21649999999999997,0.0,0.004125,0.533625,-0.004750000000000032,-0.019375000000000003
validation,hard_negative_validation_bridge,va_hn_002,Magnetite,0.253625,0.24812499999999998,0.24225000000000002,0.31125,0.221875,0.244875,0.0,0.0072499999999999995,0.51475,0.011374999999999968,0.005874999999999964
validation,hard_negative_validation_bridge,va_hn_002,Rutile,0.23049999999999998,0.1995,0.24025,0.257625,0.23812500000000003,0.2465,0.0,0.005125,0.530125,-0.009750000000000009,-0.04074999999999998
validation,hard_negative_validation_bridge,va_hn_002,Siderite,0.22687500000000002,0.19924999999999998,0.23250000000000004,0.29100000000000004,0.2405,0.21937500000000001,0.0,0.0036249999999999998,0.538875,-0.005625000000000019,-0.03325000000000006
validation,nominal,va_hn_001,Goethite,0.290625,0.311625,0.282625,0.6539999999999999,0.25949999999999995,0.23962500000000003,0.0,0.0,0.678375,0.008000000000000007,0.02899999999999997
validation,nominal,va_hn_001,Hematite,0.534,0.35799999999999993,0.48125000000000007,0.58325,0.3215,0.3325,0.0,0.00425,0.6819999999999999,0.052749999999999964,-0.12325000000000014
validation,nominal,va_hn_001,Ilmenite,0.47987499999999994,0.312125,0.5141249999999999,0.494125,0.402,0.293875,0.0,0.0005,0.6885,-0.03425,-0.20199999999999996
validation,nominal,va_hn_001,Magnetite,0.426125,0.564125,0.39349999999999996,0.5416249999999999,0.19612500000000005,0.4155,0.0,0.020124999999999997,0.6639999999999999,0.032625000000000015,0.17062500000000003
validation,nominal,va_hn_001,Rutile,0.28525,0.32375,0.29125,0.41125,0.25162500000000004,0.546125,0.0,0.000375,0.678125,-0.006000000000000005,0.03249999999999997
validation,nominal,va_hn_001,Siderite,0.334625,0.21175000000000002,0.39412499999999995,0.360375,0.5762500000000002,0.21425,0.0,0.0,0.6935,-0.05949999999999994,-0.18237499999999993
validation,nominal,va_hn_002,Goethite,0.291875,0.30762500000000004,0.275875,0.6425000000000001,0.251375,0.235875,0.0,0.0,0.6697500000000001,0.016000000000000014,0.031750000000000056
validation,nominal,va_hn_002,Hematite,0.5165,0.33699999999999997,0.4781249999999999,0.571125,0.31399999999999995,0.31087499999999996,0.0,0.00575,0.676125,0.03837500000000005,-0.14112499999999994
validation,nominal,va_hn_002,Ilmenite,0.46875,0.29075,0.504,0.49149999999999994,0.37650000000000006,0.27125,0.0,0.000625,0.68125,-0.035250000000000004,-0.21325
validation,nominal,va_hn_002,Magnetite,0.40774999999999995,0.5589999999999999,0.378,0.559125,0.17875000000000002,0.39412500000000006,0.0,0.019,0.6599999999999999,0.029749999999999943,0.18099999999999994
validation,nominal,va_hn_002,Rutile,0.27575,0.3085,0.27949999999999997,0.42325,0.250875,0.53325,0.0,0.00025,0.6725,-0.0037499999999999756,0.029000000000000026
validation,nominal,va_hn_002,Siderite,0.3187499999999999,0.212125,0.38462500000000005,0.3348749999999999,0.54725,0.21225,0.0,0.0,0.6835,-0.06587500000000013,-0.17250000000000004
validation,resolution_blur_validation_mid,va_hn_001,Goethite,0.263375,0.245375,0.259125,0.4165,0.21487500000000004,0.212625,0.0,0.0,0.587,0.0042500000000000315,-0.013749999999999984
validation,resolution_blur_validation_mid,va_hn_001,Hematite,0.30599999999999994,0.27762499999999996,0.30549999999999994,0.41075,0.28337499999999993,0.275,0.0,0.004,0.606875,0.0005000000000000004,-0.027874999999999983
validation,resolution_blur_validation_mid,va_hn_001,Ilmenite,0.308125,0.26862499999999995,0.29987499999999995,0.39875000000000005,0.285375,0.263125,0.0,0.0026249999999999997,0.610625,0.008250000000000035,-0.03125
validation,resolution_blur_validation_mid,va_hn_001,Magnetite,0.30249999999999994,0.2905,0.27637500000000004,0.387625,0.24162500000000003,0.28674999999999995,0.0,0.008875000000000001,0.589125,0.0261249999999999,0.014124999999999943
validation,resolution_blur_validation_mid,va_hn_001,Rutile,0.248,0.23725000000000002,0.250875,0.29674999999999996,0.273125,0.2965,0.0,0.00725,0.60375,-0.0028750000000000164,-0.013624999999999998
validation,resolution_blur_validation_mid,va_hn_001,Siderite,0.2763749999999999,0.240875,0.2865,0.35775,0.2935,0.23662500000000003,0.0,0.00375,0.6152500000000001,-0.01012500000000005,-0.04562499999999997
validation,resolution_blur_validation_mid,va_hn_002,Goethite,0.24662499999999998,0.246,0.25125,0.42062499999999997,0.22637500000000002,0.20775,0.0,0.000125,0.591375,-0.00462499999999999,-0.005249999999999977
validation,resolution_blur_validation_mid,va_hn_002,Hematite,0.31849999999999995,0.275875,0.30587499999999995,0.41500000000000004,0.27799999999999997,0.26899999999999996,0.0,0.004375,0.615375,0.012624999999999997,-0.02999999999999997
validation,resolution_blur_validation_mid,va_hn_002,Ilmenite,0.305625,0.267875,0.31762500000000005,0.39712500000000006,0.28700000000000003,0.265625,0.0,0.004,0.617375,-0.012000000000000066,-0.04975000000000007
validation,resolution_blur_validation_mid,va_hn_002,Magnetite,0.31849999999999995,0.310125,0.29537499999999994,0.40837500000000004,0.249375,0.307125,0.0,0.007375,0.598875,0.023125000000000007,0.01475000000000004
validation,resolution_blur_validation_mid,va_hn_002,Rutile,0.25987499999999997,0.24300000000000005,0.25049999999999994,0.3205,0.2825,0.31462500000000004,0.0,0.005125,0.611875,0.009375000000000022,-0.007499999999999896
validation,resolution_blur_validation_mid,va_hn_002,Siderite,0.2689999999999999,0.24325000000000002,0.28787499999999994,0.35175,0.297125,0.24875000000000003,0.0,0.00125,0.61975,-0.01887500000000003,-0.044624999999999915
validation,source_energy_scale_validation_mid,va_hn_001,Goethite,0.27525,0.299125,0.27725,0.5687499999999999,0.22999999999999998,0.21875,0.0,0.0,0.630625,-0.0020000000000000018,0.021874999999999978
validation,source_energy_scale_validation_mid,va_hn_001,Hematite,0.44125000000000003,0.30749999999999994,0.41250000000000003,0.511625,0.3215,0.27537500000000004,0.0,0.00275,0.6405000000000001,0.028749999999999998,-0.1050000000000001
validation,source_energy_scale_validation_mid,va_hn_001,Ilmenite,0.39462499999999995,0.27525,0.42687499999999995,0.4515,0.37275,0.24462500000000004,0.0,0.00025,0.646875,-0.03225,-0.15162499999999995
validation,source_energy_scale_validation_mid,va_hn_001,Magnetite,0.374625,0.46175,0.33887500000000004,0.489,0.22262500000000005,0.360375,0.0,0.01125,0.6275,0.03574999999999995,0.12287499999999996
validation,source_energy_scale_validation_mid,va_hn_001,Rutile,0.27349999999999997,0.28225,0.257625,0.3715,0.267,0.445875,0.0,0.001375,0.6407499999999999,0.015874999999999972,0.024625000000000008
validation,source_energy_scale_validation_mid,va_hn_001,Siderite,0.30949999999999994,0.20325000000000001,0.33699999999999997,0.34400000000000003,0.4648749999999999,0.20300000000000007,0.0,0.000875,0.6507499999999999,-0.027500000000000024,-0.13374999999999995
validation,source_energy_scale_validation_mid,va_hn_002,Goethite,0.28375,0.29237500000000005,0.286875,0.554875,0.233,0.21775000000000005,0.0,0.0,0.638125,-0.003124999999999989,0.00550000000000006
validation,source_energy_scale_validation_mid,va_hn_002,Hematite,0.435875,0.31174999999999997,0.4208749999999999,0.51675,0.3315,0.28425,0.0,0.00475,0.652875,0.015000000000000124,-0.10912499999999992
validation,source_energy_scale_validation_mid,va_hn_002,Ilmenite,0.40674999999999994,0.27449999999999997,0.4175,0.479875,0.366,0.24650000000000002,0.0,0.00125,0.65625,-0.010750000000000037,-0.14300000000000002
validation,source_energy_scale_validation_mid,va_hn_002,Magnetite,0.352,0.455875,0.316125,0.49824999999999997,0.20475000000000004,0.35362499999999997,0.0,0.01525,0.63625,0.03587499999999999,0.13974999999999999
validation,source_energy_scale_validation_mid,va_hn_002,Rutile,0.264625,0.27449999999999997,0.24949999999999997,0.35937499999999994,0.28325,0.42874999999999996,0.0,0.002375,0.65025,0.015125000000000027,0.024999999999999994
validation,source_energy_scale_validation_mid,va_hn_002,Siderite,0.31462499999999993,0.211125,0.34475,0.362125,0.435375,0.21450000000000002,0.0,0.0005,0.6592499999999999,-0.03012500000000007,-0.133625
